{"_step":1,"train_loss":3.2293689250946045,"epoch":0,"batch":0,"_wandb":{"runtime":64},"num_trainable_parameters":296960,"_timestamp":1.7262455336478562e+09,"_runtime":64.011128}