{"avg_train_loss":3.0068489568574086,"sample_visualization":{"sha256":"398fa40c9d8499e7975adbfa734156995706074928a1093a24af6e23427c9f07","size":260624,"path":"media/images/sample_visualization_3419_398fa40c9d8499e7975a.png","format":"png","width":1500,"height":500,"_type":"image-file"},"epoch":59,"batch":27,"_wandb":{"runtime":1310},"_timestamp":1.726247728403744e+09,"_step":3420,"num_trainable_parameters":296960,"train_loss":2.9891357421875,"_runtime":1309.787699}