{"epoch":6,"_wandb":{"runtime":599},"_runtime":555.02064,"_step":7,"num_trainable_parameters":296960,"_timestamp":1.72624619336916e+09,"avg_train_loss":2.3576847314834595}